,sample size,<x>,|<x> - x_mean|^2,smoothed_deviation
0,10000.0,0.9827393466235695,0.00029793015498128016,
1,110000.0,0.995486130998594,2.0375013361854413e-05,
2,210000.0,1.0018887652384856,3.5674341261114863e-06,
3,310000.0,0.9911690677901417,7.798536369511299e-05,
4,410000.0,1.0003459740420155,1.1969803774856292e-07,
5,510000.0,0.9999242170799469,5.743050971768177e-09,
6,610000.0,0.9974584194563354,6.459631659934449e-06,
7,710000.0,0.9996508532118162,1.2190347969903739e-07,
8,810000.0,0.9983687163360858,2.661086392153287e-06,
9,910000.0,1.0000836403626214,6.995710259444108e-09,
10,1010000.0,0.9993132371390588,4.7164322716808587e-07,
11,1110000.0,0.9976924682403877,5.324702821619397e-06,
12,1210000.0,1.0023872165535814,5.698802873693192e-06,
13,1310000.0,0.9987126604978596,1.6572429937711928e-06,
14,1410000.0,0.9996561375167872,1.1824140736129461e-07,
15,1510000.0,0.9997635109397344,5.5927075625321824e-08,
16,1610000.0,0.9995269794656779,2.2374842589034347e-07,
17,1710000.0,1.0018509179100417,3.425897109712989e-06,
18,1810000.0,1.000343487091594,1.1798338209165708e-07,
19,1910000.0,0.9996418577304997,1.282658852027977e-07,
20,2010000.0,1.00050383579208,2.5385050538079e-07,
21,2110000.0,0.9991261574347438,7.636008288536135e-07,
22,2210000.0,1.0012339578589775,1.5226519977323556e-06,
23,2310000.0,1.0015064598193284,2.269421187250951e-06,
24,2410000.0,1.0011752937968295,1.381315508865802e-06,
25,2510000.0,0.9998813905535129,1.4068200795980223e-08,
26,2610000.0,0.9971061882159526,8.374146641491311e-06,
27,2710000.0,1.0008810196495017,7.761956228081214e-07,
28,2810000.0,1.0001472789182897,2.1691079772582646e-08,
29,2910000.0,0.9988266530182575,1.376743139564329e-06,
30,3010000.0,0.9995379973429104,2.1344645515787072e-07,
31,3110000.0,1.0011907348991216,1.4178495999860832e-06,
32,3210000.0,0.9983420300326805,2.7488644125333696e-06,
33,3310000.0,1.0016388512694805,2.6858334834778145e-06,
34,3410000.0,0.9998473803597187,2.3292754599608198e-08,
35,3510000.0,1.001748504451018,3.05726781522951e-06,
36,3610000.0,1.0011381346636106,1.2953505125119414e-06,
37,3710000.0,1.002019340781722,4.077737192725398e-06,
38,3810000.0,0.9994656416423279,2.855388544140525e-07,
39,3910000.0,1.001050477192546,1.1035023320591533e-06,
40,4010000.0,1.0014713343318127,2.1648247159706633e-06,
41,4110000.0,1.0010599083911367,1.123405797601939e-06,
42,4210000.0,0.9994415740662657,3.1183952346707073e-07,
43,4310000.0,0.9996771523273781,1.0423061971738889e-07,
44,4410000.0,0.9992636410742801,5.422244674873389e-07,
45,4510000.0,1.0001932189345084,3.733355665256527e-08,
46,4610000.0,1.0000415201408375,1.7239220951633364e-09,
47,4710000.0,0.999786707693545,4.549360799287169e-08,
48,4810000.0,1.001491005061859,2.2230960944893487e-06,
49,4910000.0,1.0000424888676622,1.8053038752182425e-09,
50,5010000.0,0.9986440856659701,1.8385036812278243e-06,
51,5110000.0,1.0009378979707115,8.796526034648098e-07,
52,5210000.0,1.000314244738821,9.874975587662345e-08,
53,5310000.0,0.9999445294528005,3.07698160660689e-09,
54,5410000.0,0.9999516205758664,2.340568679499185e-09,
55,5510000.0,1.0013346066393378,1.7811748817645923e-06,
56,5610000.0,1.0003650018511432,1.3322635133795353e-07,
57,5710000.0,0.999475312295828,2.7529718690930744e-07,
58,5810000.0,1.0006968018103828,4.855327629527274e-07,
59,5910000.0,0.9995964851615139,1.6282422487846948e-07,
60,6010000.0,0.9995174642365263,2.328407630311266e-07,
61,6110000.0,1.0013568082193063,1.8409285439770852e-06,
62,6210000.0,1.0007736883739664,5.985937000107844e-07,
63,6310000.0,1.0000017183233032,2.9526349743250737e-12,
64,6410000.0,0.9987951197006022,1.451736535876941e-06,
65,6510000.0,1.0011579179818129,1.3407740526055704e-06,
66,6610000.0,0.9995041957028551,2.458219010673566e-07,
67,6710000.0,0.9985855992758258,2.0005294085445097e-06,
68,6810000.0,1.0001907063356976,3.636890647521383e-08,
69,6910000.0,1.0006487783363722,4.209133297459111e-07,
70,7010000.0,1.0008476445636552,7.185013062941446e-07,
71,7110000.0,0.9998690547007555,1.714667139423466e-08,
72,7210000.0,1.000608928431914,3.707938351931913e-07,
73,7310000.0,0.9987729780531359,1.505582858086122e-06,
74,7410000.0,0.9991306412385293,7.557846561457844e-07,
75,7510000.0,0.9990243760240016,9.518421425428764e-07,
76,7610000.0,1.0009102299277484,8.285185213687897e-07,
77,7710000.0,1.002183160949874,4.766191733054393e-06,
78,7810000.0,1.0013193690710234,1.7407347455730666e-06,
79,7910000.0,0.9999327441484898,4.523349562367384e-09,
80,8010000.0,0.999834327778365,2.7447285021474485e-08,
81,8110000.0,0.9990620326675002,8.797827168368748e-07,
82,8210000.0,1.0009525026770334,9.07261349755785e-07,
83,8310000.0,0.99979958949763,4.016436946018101e-08,
84,8410000.0,1.0011251929677687,1.2660592147161247e-06,
85,8510000.0,0.9997637790340587,5.580034475025788e-08,
86,8610000.0,0.9999147606173239,7.265752359007346e-09,
87,8710000.0,0.9994135492507977,3.43924481239906e-07,
88,8810000.0,0.9998232804103003,3.122981338361965e-08,
89,8910000.0,1.0004080746383264,1.6652491044519952e-07,
90,9010000.0,1.000613089464517,3.7587869150186757e-07,
91,9110000.0,1.0006806532852661,4.6328889474356155e-07,
92,9210000.0,0.9991763677526915,6.783700788064923e-07,
93,9310000.0,1.0011422102333078,1.3046442170731728e-06,
94,9410000.0,1.0007154674239194,5.118936346898185e-07,
95,9510000.0,0.9992006814930312,6.389100755828213e-07,
96,9610000.0,0.9992058181066074,6.307248797927227e-07,
97,9710000.0,0.9996956304178476,9.264084253963168e-08,
98,9810000.0,1.0014246183039475,2.029537311942157e-06,
99,9910000.0,1.0005024910180553,2.524972232262808e-07,5.0286618043157186e-06
100,10010000.0,0.9999960101423115,1.5918964374146074e-11,2.049360413692561e-06
101,10110000.0,0.9996261519882866,1.397623358620344e-07,1.847007903432637e-06
102,10210000.0,1.0003259139545573,1.0621990577516319e-07,1.812395761229274e-06
103,10310000.0,1.0004934516276422,2.434945088227853e-07,1.034977069366372e-06
104,10410000.0,1.0007040717750797,4.957170644638732e-07,1.038737259633525e-06
105,10510000.0,1.0002354884668334,5.5454818011550595e-08,1.0392343773039229e-06
106,10610000.0,1.0004432454091563,1.9646649273813664e-07,9.766027256319598e-07
107,10710000.0,1.0000577000390591,3.3292945074261285e-09,9.754169837800438e-07
108,10810000.0,1.0005185684918982,2.689132807896164e-07,9.514952526664069e-07
109,10910000.0,1.0003308197798304,1.0944172672703742e-07,9.525197128310829e-07
110,11010000.0,0.9999867868748421,1.7458667643822331e-10,9.478050264261664e-07
111,11110000.0,0.9992738821056019,5.272471965651843e-07,8.998304701756242e-07
112,11210000.0,1.000075285227892,5.667865538753248e-09,8.428991200940799e-07
113,11310000.0,0.9998076133487079,3.7012623595374487e-08,8.266968163923217e-07
114,11410000.0,1.0005128050808547,2.629690509504127e-07,8.28144092828213e-07
115,11510000.0,1.000334380183635,1.1181010720782621e-07,8.28702923144038e-07
116,11610000.0,0.9994404364916784,3.1311131984523067e-07,8.295965520835866e-07
117,11710000.0,1.000229525311073,5.268186842311053e-08,7.958643996706879e-07
118,11810000.0,0.9994281745228125,3.269843763606915e-07,7.979544096133783e-07
119,11910000.0,1.000536931412166,2.882953413705006e-07,7.995547041750553e-07
120,12010000.0,0.9994264846784586,3.289198240427051e-07,8.003053973616746e-07
121,12110000.0,1.0001954916478497,3.8216984378995183e-08,7.930515589169284e-07
122,12210000.0,1.0010618963899005,1.1276239428837305e-06,7.89101278368442e-07
123,12310000.0,1.0005780854464252,3.341827833686645e-07,7.697488943296193e-07
124,12410000.0,1.0002040504886767,4.163660192918614e-08,7.563521052602532e-07
125,12510000.0,1.0006286946124687,3.952569157472036e-07,7.601639924097654e-07
126,12610000.0,0.9994496059457665,3.0293361493560677e-07,6.794518621442082e-07
127,12710000.0,1.0003860298361074,1.490190343650752e-07,6.731800962597779e-07
128,12810000.0,1.0003712950137984,1.3785998727155447e-07,6.743417853347674e-07
129,12910000.0,1.0000360999485498,1.3032062852986343e-09,6.605873860019772e-07
130,13010000.0,1.0006080921262555,3.697760340138803e-07,6.621506817905372e-07
131,13110000.0,0.9995987823609034,1.609755939222642e-07,6.495819417298991e-07
132,13210000.0,1.0003621600491706,1.311599012152201e-07,6.234048966167177e-07
133,13310000.0,0.9993243537255336,4.5649788820028306e-07,6.011115406639423e-07
134,13410000.0,1.000437108933044,1.91064219346811e-07,6.027892553114144e-07
135,13510000.0,1.0001781739107138,3.174594245906391e-08,5.725340365837098e-07
136,13610000.0,0.9995620549348487,1.9179588009034874e-07,5.614984902594939e-07
137,13710000.0,1.0005518654343777,3.0455545766087115e-07,5.237666729088487e-07
138,13810000.0,1.000254248474704,6.464228688925956e-08,5.215577072336008e-07
139,13910000.0,1.0005070616381708,2.571115049044805e-07,5.13093798962054e-07
140,14010000.0,1.0003310759503095,1.0961128487330954e-07,4.925416646510804e-07
141,14110000.0,0.9997968049793347,4.128821642319107e-08,4.81720488839293e-07
142,14210000.0,0.9998657878985459,1.8012888176737793e-08,4.787822224863897e-07
143,14310000.0,1.0003154523592213,9.95101909382574e-08,4.787350181985984e-07
144,14410000.0,0.9996974321423245,9.154730849831864e-08,4.742282466087081e-07
145,14510000.0,0.9999723700314181,7.634151638342859e-10,4.738625451938209e-07
146,14610000.0,0.9991858247960518,6.628812627241252e-07,4.804741186001105e-07
147,14710000.0,1.0005295086320987,2.803793914669973e-07,4.828229764348518e-07
148,14810000.0,0.9998185956593263,3.290753481526256e-08,4.609210908381109e-07
149,14910000.0,1.0008044248436223,6.470993290367762e-07,4.6737403108972646e-07
150,15010000.0,1.0003321749394423,1.1034019039347217e-07,4.5009239618138293e-07
151,15110000.0,1.0008764367343153,7.681413492571901e-07,4.489772836393067e-07
152,15210000.0,0.9986514166857093,1.81867695558319e-06,4.661765556363724e-07
153,15310000.0,1.0018872598976711,3.5617499213576595e-06,5.01763285033883e-07
154,15410000.0,0.9998281811762229,2.952170820416259e-08,5.020350964291295e-07
155,15510000.0,1.000539069772565,2.905962196931774e-07,4.871293098084154e-07
156,15610000.0,1.0005922593343384,3.507711191109341e-07,4.893047574861453e-07
157,15710000.0,1.0004855825897687,2.3579045148649532e-07,4.889096901319171e-07
158,15810000.0,0.9996132350383611,1.4958713555155452e-07,4.855502338579053e-07
159,15910000.0,1.0006435931859263,4.1421218897080066e-07,4.880641134988287e-07
160,16010000.0,1.0007729952830957,5.975217076882201e-07,4.917109229453996e-07
161,16110000.0,0.9997865636303593,4.55550838853856e-08,4.737571883444826e-07
162,16210000.0,1.0003204811321391,1.0270815605716989e-07,4.6879833290494644e-07
163,16310000.0,1.0003975527926843,1.5804822297106597e-07,4.703787856083074e-07
164,16410000.0,0.9996420791809941,1.2810731267783612e-07,4.571424933763163e-07
165,16510000.0,0.9999652847943545,1.2051455030068277e-09,4.437468043052907e-07
166,16610000.0,1.0006137187636885,3.7665072090339266e-07,4.4505509250365106e-07
167,16710000.0,1.000436400966188,1.9044580328974216e-07,4.269542564511034e-07
168,16810000.0,1.0004196217223162,1.7608238983965056e-07,4.2835139128474776e-07
169,16910000.0,1.0002208997664386,4.879670681261738e-08,4.246302250554148e-07
170,17010000.0,1.0003346645852114,1.1200038459469424e-07,4.185652158384203e-07
171,17110000.0,0.9999658817396844,1.16405568696508e-09,4.1840538968134764e-07
172,17210000.0,1.0000424882597152,1.8052522136263706e-09,4.14715503851552e-07
173,17310000.0,0.9996214701147556,1.4328487402317622e-07,4.0109252401092254e-07
174,17410000.0,1.0003884223061261,1.5087188789633626e-07,3.9504339632842803e-07
175,17510000.0,0.9998770556009967,1.5115325246279823e-08,3.85676128155462e-07
176,17610000.0,1.0005924470539866,3.50993511777454e-07,3.8090087805954873e-07
177,17710000.0,1.0005331121060186,2.842085175835711e-07,3.3608104590484047e-07
178,17810000.0,1.0003881898877376,1.5069138894172187e-07,3.2018061233852704e-07
179,17910000.0,0.9996049985407358,1.560261528208381e-07,3.2169564037111175e-07
180,18010000.0,1.0003859449553894,1.4895350859048746e-07,3.229107026068019e-07
181,18110000.0,1.00068470788952,4.688248939709597e-07,3.1880112437814274e-07
182,18210000.0,0.9999269611751844,5.334669930440173e-09,3.0978185757988926e-07
183,18310000.0,1.000276352754722,7.63708450424613e-08,3.10143922335712e-07
184,18410000.0,0.9998009826147359,3.960791963734584e-08,2.978794093849243e-07
185,18510000.0,1.0003229274943433,1.0428216660281712e-07,2.983642276034499e-07
186,18610000.0,1.0002727203091044,7.437636699800647e-08,2.990353337498399e-07
187,18710000.0,0.999630254823142,1.3671149580971644e-07,2.96963203895538e-07
188,18810000.0,1.0004083640981065,1.6676123662234928e-07,2.983185181279253e-07
189,18910000.0,0.9994265337409283,3.288635502937257e-07,2.9994190452641054e-07
190,19010000.0,0.9992716914591803,5.30433330630969e-07,3.0148745091770154e-07
191,19110000.0,1.0002764533297226,7.642644351470839e-08,2.97618826405413e-07
192,19210000.0,1.000792477733631,6.280209583009309e-07,2.971153352003574e-07
193,19310000.0,1.0000215394736094,4.639489233695563e-10,2.840735325188594e-07
194,19410000.0,0.9998591480861363,1.9839261639068383e-08,2.791529887883519e-07
195,19510000.0,0.9998203916601884,3.22591557298668e-08,2.7308647958982234e-07
196,19610000.0,1.0007482395214726,5.598623814935854e-07,2.723778546068309e-07
197,19710000.0,1.0004493666001624,2.0193034134148806e-07,2.734707495948495e-07
198,19810000.0,1.0008872660179238,7.87240986562306e-07,2.6104778634105103e-07
199,19910000.0,1.000694883594851,4.828632103930999e-07,2.633514462127192e-07
200,20010000.0,0.9998475725384538,2.3234131033418487e-08,2.6358362833340965e-07
201,20110000.0,1.000362733171301,1.315753535620642e-07,2.6350175851040995e-07
202,20210000.0,0.9993889290584412,3.7340769561751773e-07,2.661736364088335e-07
203,20310000.0,1.0004434626558083,1.9665912709655265e-07,2.657052825915712e-07
204,20410000.0,1.0006384294662254,4.0759218334483324e-07,2.6482403378038075e-07
205,20510000.0,1.0004299770594125,1.848802716210212e-07,2.661182883164755e-07
206,20610000.0,0.9996305421741872,1.3649908505429833e-07,2.6551861423963707e-07
207,20710000.0,0.9991966514457115,6.45368899677489e-07,2.719390102913377e-07
208,20810000.0,0.9998122281361278,3.525827286203972e-08,2.6960246021206196e-07
209,20910000.0,1.0002072597164986,4.295659008307916e-08,2.689376088456224e-07
210,21010000.0,1.0002698968029415,7.284428423806354e-08,2.696643058212386e-07
211,21110000.0,0.9992373605477675,5.816189341015465e-07,2.7020802319660223e-07
212,21210000.0,1.0008586211980788,7.372303617902387e-07,2.775236481591171e-07
213,21310000.0,0.9998780500912575,1.4871780242299259e-08,2.7730223972558637e-07
214,21410000.0,0.9999824985739302,3.062999144774246e-10,2.74675612215227e-07
215,21510000.0,1.0003633817165851,1.3204627194834885e-07,2.748779738626322e-07
216,21610000.0,0.9989677422021698,1.0655561611813103e-06,2.82402422275993e-07
217,21710000.0,1.000198607155966,3.944480240093907e-08,2.822700516157713e-07
218,21810000.0,1.0000555113474987,3.0815097011219335e-09,2.790310229491756e-07
219,21910000.0,0.9998584680057072,2.0031305408493574e-08,2.7634838258955554e-07
220,22010000.0,0.9993076878643568,4.792960931589138e-07,2.7785214528071764e-07
221,22110000.0,1.000260869234383,6.805275744760673e-08,2.781505030114037e-07
222,22210000.0,1.0007850258350313,6.162655616665288e-07,2.7303691919923174e-07
223,22310000.0,1.000068319989839,4.667621011604811e-09,2.6974176757566115e-07
224,22410000.0,1.0001349759992781,1.8218520381132952e-08,2.695075867601806e-07
225,22510000.0,0.9997049550723607,8.705150932569203e-08,2.664255326959655e-07
226,22610000.0,1.0003904699840371,1.5246680843395965e-07,2.64920864630949e-07
227,22710000.0,0.9999756058953906,5.950723396951007e-10,2.6343662501069524e-07
228,22810000.0,1.0001931095413574,3.729129496327618e-08,2.624309380876124e-07
229,22910000.0,1.0000894748458715,8.005748043731861e-09,2.6249796350519676e-07
230,23010000.0,0.9997672850688726,5.41562391696399e-08,2.593417655567543e-07
231,23110000.0,1.0005227211287622,2.7323737845439855e-07,2.604643834020757e-07
232,23210000.0,0.999463136835704,2.882220571779351e-07,2.6203500496170286e-07
233,23310000.0,0.9998178270341505,3.318698948642038e-08,2.578018959745642e-07
234,23410000.0,1.0001334041102403,1.7796656629011587e-08,2.5606922034738623e-07
235,23510000.0,1.0005168477443682,2.671315908585176e-07,2.584230768313808e-07
236,23610000.0,1.0000624808900798,3.903861625159494e-09,2.5654415664672885e-07
237,23710000.0,1.0002297814724703,5.279952509063077e-08,2.5402659732102644e-07
238,23810000.0,1.0001242685708267,1.5442677695311093e-08,2.53534601229087e-07
239,23910000.0,1.0009618146996637,9.250875164892141e-07,2.6021436134493433e-07
240,24010000.0,0.999778001191274,4.9283471075752525e-08,2.5961108320695873e-07
241,24110000.0,1.0000920219106608,8.468032041668345e-09,2.592828813631435e-07
242,24210000.0,1.000243902628456,5.948849216773192e-08,2.5969763740305346e-07
243,24310000.0,0.9997477555845092,6.362724514627792e-08,2.5933880794513366e-07
244,24410000.0,0.9997682570986176,5.370477234112925e-08,2.5896038258356175e-07
245,24510000.0,1.00016152125641,2.6089116272229795e-08,2.5921363959464574e-07
246,24610000.0,1.0002131486271784,4.5432337268019996e-08,2.5303915034008466e-07
247,24710000.0,1.0000001113667625,1.2402555784960878e-14,2.5023535654944024e-07
248,24810000.0,0.9998562499534812,2.0664075874153387e-08,2.5011292196002917e-07
249,24910000.0,1.000110776406642,1.227141226849634e-08,2.437646427923464e-07
250,25010000.0,1.0000732317894492,5.362894985928977e-09,2.4271486983827094e-07
251,25110000.0,0.999807329265884,3.712201178479687e-08,2.35404676463547e-07
252,25210000.0,1.000052054734363,2.7096953696007142e-09,2.1724500386141111e-07
253,25310000.0,0.9997569260302402,5.908495477476631e-08,1.822183541955822e-07
254,25410000.0,1.0002753962271789,7.584308194435584e-08,1.8268156793298412e-07
255,25510000.0,0.9995337412529979,2.1739721915599067e-07,1.8194957792761226e-07
256,25610000.0,0.9999071601278585,8.619241859246608e-09,1.7852805915509536e-07
257,25710000.0,0.9988570346968758,1.3063696841457674e-06,1.8923385148168808e-07
258,25810000.0,1.000203153628667,4.127139684059952e-08,1.8815069409457856e-07
259,25910000.0,0.9997452745754304,6.488504192216955e-08,1.8465742262409221e-07
260,26010000.0,0.9997541660948115,6.04343089402325e-08,1.7928654863661235e-07
261,26110000.0,1.0003844923940393,1.4783440107404137e-07,1.803093418084989e-07
262,26210000.0,0.9998060758057129,3.7606593129900284e-08,1.7965832617922621e-07
263,26310000.0,1.0004841032605682,2.343559668928082e-07,1.8042140361844364e-07
264,26410000.0,1.0007166501891462,5.135874936033409e-07,1.8427620542769868e-07
265,26510000.0,0.9997943215278747,4.230363389578557e-08,1.846871903116265e-07
266,26610000.0,1.0001381762754782,1.9092683105023455e-08,1.8111160993364275e-07
267,26710000.0,1.000887963220584,7.884786811099852e-07,1.8709193871184525e-07
268,26810000.0,1.0003763767545903,1.4165946139596174e-07,1.8674770942740833e-07
269,26910000.0,0.999543030898359,2.088207598545343e-07,1.883479499578275e-07
270,27010000.0,1.0000310831512096,9.661622891180941e-10,1.8723760773477176e-07
271,27110000.0,0.9996985082555658,9.089727196195769e-08,1.8813493989752167e-07
272,27210000.0,1.0005234493368318,2.7399920822964474e-07,1.9085687945768188e-07
273,27310000.0,1.000381108780792,1.4524390279668427e-07,1.9087646974541695e-07
274,27410000.0,0.9996924146599634,9.460874140543643e-08,1.9031383828050792e-07
275,27510000.0,0.9998862639830287,1.293588155649326e-08,1.9029204384361005e-07
276,27610000.0,1.0005989654488299,3.5875960889196643e-07,1.9036970481475518e-07
277,27710000.0,0.9995120602909539,2.3808515966403947e-07,1.8990847123555983e-07
278,27810000.0,1.0000294110628234,8.650106164015311e-10,1.8841020745230666e-07
279,27910000.0,0.9998132960169224,3.485837729705179e-08,1.8719852969706877e-07
280,28010000.0,1.00017496815197,3.061385420381284e-08,1.8601513315320205e-07
281,28110000.0,1.000323800853746,1.0484699288667672e-07,1.8237535414235922e-07
282,28210000.0,0.9999800724456405,3.9710742275215927e-10,1.8232597851728235e-07
283,28310000.0,0.9999454082323006,2.9802611005449012e-09,1.8159207267786318e-07
284,28410000.0,1.0005125989439752,2.6275767736444005e-07,1.8382357025513413e-07
285,28510000.0,1.0000734223227585,5.390837479258013e-09,1.828346569638985e-07
286,28610000.0,1.000295464686142,8.729938075695754e-08,1.8296388710148806e-07
287,28710000.0,1.0005954957665855,3.546152080212085e-07,1.8514292422360295e-07
288,28810000.0,1.0000954231673702,9.105580870963525e-09,1.8356636766608913e-07
289,28910000.0,0.9997242199132841,7.605465622903785e-08,1.8103827872544223e-07
290,29010000.0,1.0001333426621897,1.7780265559829174e-08,1.759117480747308e-07
291,29110000.0,0.9998118384933976,3.5404752566881696e-08,1.7550153116525258e-07
292,29210000.0,0.9995388274219034,2.1268014678829767e-07,1.7134812305012625e-07
293,29310000.0,1.000275842947763,7.608933183055347e-08,1.7210437687919807e-07
294,29410000.0,0.999538006703654,2.1343780586864038e-07,1.740403623214938e-07
295,29510000.0,0.9995435565057496,2.083406634435578e-07,1.758011773986307e-07
296,29610000.0,1.0000244173868333,5.962087797690602e-10,1.7020851567149254e-07
297,29710000.0,1.0000860792154098,7.40963132556981e-09,1.682633085713334e-07
298,29810000.0,0.9995097542664619,2.403408792522743e-07,1.6279430749823304e-07
299,29910000.0,1.0001857387452435,3.449888148463886e-08,1.5831066420914842e-07
300,30010000.0,1.0001825885403908,3.3338575082032294e-08,1.5841170864963454e-07
301,30110000.0,1.000064233153587,4.125898019724141e-09,1.5713721409421116e-07
302,30210000.0,0.999890702150982,1.1946019799968244e-08,1.5352259733603566e-07
303,30310000.0,0.9999296510499479,4.948974773431511e-09,1.5160549581280446e-07
304,30410000.0,0.9999467321442348,2.837464457822623e-09,1.4755794862393437e-07
305,30510000.0,0.9995758924569412,1.7986720807934774e-07,1.475078179885176e-07
306,30610000.0,0.9999000700992586,9.985985062179858e-09,1.4624268698859645e-07
307,30710000.0,0.999783204426344,4.7000320756811544e-08,1.4025900119938967e-07
308,30810000.0,1.0002247679330327,5.0520623719801864e-08,1.4041162470796728e-07
309,30910000.0,0.9998760971117131,1.5351925725835413e-08,1.4013557806439484e-07
310,31010000.0,1.0007911055722818,6.258480264953011e-07,1.4566561548696722e-07
311,31110000.0,1.0006219985628328,3.8688221216612885e-07,1.4371824826761304e-07
312,31210000.0,0.9999329297724021,4.498415430032415e-09,1.3639092880401098e-07
313,31310000.0,1.0004052103486345,1.641954266404925e-07,1.378841652679929e-07
314,31410000.0,1.00006042173539,3.650786107526226e-09,1.379176101299234e-07
315,31510000.0,1.0001333422360392,1.778015191194025e-08,1.3677494892955932e-07
316,31610000.0,1.0001873761067919,3.510980539647827e-08,1.26470485371711e-07
317,31710000.0,0.999768443467889,5.3618427563292743e-08,1.2661222162333454e-07
318,31810000.0,0.9998782872394972,1.4813996069204142e-08,1.2672954648701535e-07
319,31910000.0,1.0000887929989326,7.884196659446037e-09,1.2660807539952487e-07
320,32010000.0,1.0001626049302692,2.6440363347853228e-08,1.220795181014143e-07
321,32110000.0,1.0005013961753417,2.513981246473133e-07,1.2391297177341134e-07
322,32210000.0,0.9999401436562959,3.582781881622153e-09,1.1778614397556228e-07
323,32310000.0,1.0002893761805856,8.373857389028337e-08,1.1857685350434905e-07
324,32410000.0,0.9996795850909267,1.0266571395645606e-07,1.1942132544010231e-07
325,32510000.0,1.0004223554229426,1.783841032889847e-07,1.2033465137973522e-07
326,32610000.0,0.9996635552391426,1.1319507710837182e-07,1.1994193406647933e-07
327,32710000.0,1.000049043653379,2.4052799367692517e-09,1.1996003614245008e-07
328,32810000.0,0.9998687421636198,1.7228619611221482e-08,1.1975940938892953e-07
329,32910000.0,1.0002558962965349,6.548291458027002e-08,1.203341810542949e-07
330,33010000.0,0.9994527306607723,2.995037296586827e-07,1.2278765595918534e-07
331,33110000.0,0.9999401283019781,3.584620224026443e-09,1.2009112837688162e-07
332,33210000.0,1.0001741933753985,3.034333203271551e-08,1.1751234112542941e-07
333,33310000.0,0.9999487248691797,2.6291390406348596e-09,1.1720676262097156e-07
334,33410000.0,1.0000514690269737,2.6490607376222622e-09,1.1705528666205768e-07
335,33510000.0,0.9997544367266153,6.030132123538555e-08,1.1498698396582635e-07
336,33610000.0,1.0002211160366272,4.889230165373118e-08,1.1543686836611207e-07
337,33710000.0,0.9994608417678984,2.906915992429225e-07,1.1781578910763501e-07
338,33810000.0,0.9994171639798382,3.396978263981017e-07,1.210583405946629e-07
339,33910000.0,1.0002190497619172,4.7982798195991945e-08,1.1228729341173068e-07
340,34010000.0,1.0005148954381127,2.651173121892409e-07,1.1444563182286555e-07
341,34110000.0,1.0004023443201027,1.618809519188762e-07,1.1597976102163763e-07
342,34210000.0,0.9998550662373519,2.1005795555343054e-08,1.1559493405551373e-07
343,34310000.0,1.0002912329173055,8.481661212226286e-08,1.158068277252736e-07
344,34410000.0,0.9998073810892506,3.710204477828458e-08,1.1564080044964515e-07
345,34510000.0,1.0003049248014837,9.297913455987198e-08,1.1630970063252157e-07
346,34610000.0,1.000035480399306,1.2588587349059888e-09,1.1586796584719042e-07
347,34710000.0,0.99972177922774,7.740679811696714e-08,1.1664203370433454e-07
348,34810000.0,1.0003416465354613,1.167223551927197e-07,1.176026164975202e-07
349,34910000.0,0.9999157146310658,7.1040234163798994e-09,1.1755094260899905e-07
350,35010000.0,0.9997486054849383,6.319920220312308e-08,1.1812930568117099e-07
351,35110000.0,0.9999488261638676,2.618761504505831e-09,1.1778427317836807e-07
352,35210000.0,0.9994250127343377,3.3061035567380464e-07,1.210632797814101e-07
353,35310000.0,1.0000989492778183,9.790959580759796e-09,1.2057033982947005e-07
354,35410000.0,0.9996563398442714,1.181023026354194e-07,1.209929320363807e-07
355,35510000.0,1.0008758172175831,7.670557986150366e-07,1.2648951783097115e-07
356,35610000.0,0.9995935434832238,1.6520690002982256e-07,1.280553944126769e-07
357,35710000.0,1.0000302986943552,9.180108796312914e-10,1.1500087768001554e-07
358,35810000.0,0.9996434445011922,1.2713182373004591e-07,1.1585948194891e-07
359,35910000.0,1.0003092076049664,9.560934296908439e-08,1.1616672495937915e-07
360,36010000.0,1.0000584522138076,3.4166612990122935e-09,1.1559654848296695e-07
361,36110000.0,1.0004403412108656,1.939003819865458e-07,1.16057208292092e-07
362,36210000.0,1.0001314608126843,1.7281945271626183e-08,1.1585396181350927e-07
363,36310000.0,0.9998310578829327,2.8541438919183175e-08,1.1379581653377301e-07
364,36410000.0,0.9999714320593761,8.161272314901875e-10,1.086681028700545e-07
365,36510000.0,0.9999849380458036,2.2686246421526414e-10,1.082473351557388e-07
366,36610000.0,1.0007566365670701,5.724988946276953e-07,1.137813972709655e-07
367,36710000.0,0.999844058694606,2.431769072797874e-08,1.0613978736714544e-07
368,36810000.0,1.0001323780100126,1.7523937534908187e-08,1.0489843212853492e-07
369,36910000.0,1.00021889934511,4.7916923289582833e-08,1.0328939376288539e-07
370,37010000.0,1.0001711610874526,2.929611785796736e-08,1.0357269331857389e-07
371,37110000.0,1.000241183160274,5.8169316799751295e-08,1.0324541376695182e-07
372,37210000.0,1.0000490526732337,2.4061647513761127e-09,1.0052948333216915e-07
373,37310000.0,1.000097319887638,9.471160529862774e-09,9.917175590950093e-08
374,37410000.0,1.0000737923654808,5.445313203248086e-09,9.828012162747904e-08
375,37510000.0,0.9994787286235476,2.7172384790859496e-07,1.0086800129100007e-07
376,37610000.0,1.0002693141438466,7.253010807580898e-08,9.800570628283848e-08
377,37710000.0,1.0002896369034977,8.388953586773778e-08,9.646375004487546e-08
378,37810000.0,0.9997343941787417,7.054645228631789e-08,9.716056446157464e-08
379,37910000.0,0.9999501056872772,2.4894424420847923e-09,9.683687511302496e-08
380,38010000.0,0.999773496730015,5.130373131388323e-08,9.704377388412566e-08
381,38110000.0,1.000264431201328,6.992386023577944e-08,9.66945425576167e-08
382,38210000.0,1.0000457825537634,2.0960422291002797e-09,9.671153190568016e-08
383,38310000.0,0.9999864466132976,1.836942911045712e-10,9.668356623758576e-08
384,38410000.0,0.9997374607313396,6.892686758872603e-08,9.474525813982864e-08
385,38510000.0,1.0002266603053047,5.1374894000826884e-08,9.520509870504431e-08
386,38610000.0,0.9997547498995564,6.014761176760964e-08,9.493358101515084e-08
387,38710000.0,0.999837136783826,2.6524427182532768e-08,9.165267320676408e-08
388,38810000.0,1.000250482986991,6.274172677189828e-08,9.218903466577343e-08
389,38910000.0,0.9997431453958445,6.59742876758665e-08,9.208823098024173e-08
390,39010000.0,0.9998210340796316,3.2028800653297035e-08,9.223071633117639e-08
391,39110000.0,0.9998081177784851,3.681878693349088e-08,9.224485667484248e-08
392,39210000.0,0.9998649468191757,1.8239361650760013e-08,9.030044882346712e-08
393,39310000.0,1.000201177605522,4.047242896355045e-08,8.994427979479708e-08
394,39410000.0,0.9994960603151208,2.5395520599610927e-07,9.034945379607175e-08
395,39510000.0,0.999627182673483,1.38992758951246e-07,8.965597475114864e-08
396,39610000.0,1.0002550906027388,6.507121560562447e-08,9.03007248194072e-08
397,39710000.0,0.9994357443543807,3.1838443361330867e-07,9.341047284228459e-08
398,39810000.0,0.999928589450122,5.099466633882036e-09,9.105805871610068e-08
399,39910000.0,1.0004622840282822,2.1370652280480807e-07,9.285013512930236e-08
400,40010000.0,0.9997607481942421,5.724142655841626e-08,9.30891636440662e-08
401,40110000.0,1.000243573748263,5.932817084283518e-08,9.364118637229732e-08
402,40210000.0,1.0001878339254224,3.5281583539599554e-08,9.387454200969362e-08
403,40310000.0,1.0000512837527815,2.630023299355739e-09,9.385135249495288e-08
404,40410000.0,0.9996483397655344,1.236649205044324e-07,9.505962705541895e-08
405,40510000.0,0.9999664328440239,1.1267539603260429e-09,9.327222251422875e-08
406,40610000.0,1.000283525985949,8.038698470838165e-08,9.397623251069076e-08
407,40710000.0,1.0000486217186582,2.364071525273211e-09,9.352987001837537e-08
408,40810000.0,1.0000296854336115,8.812249687016797e-10,9.303347603086439e-08
409,40910000.0,0.9991230661724924,7.69012937827203e-07,1.0057008615187806e-07
410,41010000.0,1.0001064455619688,1.1330657662856916e-08,9.442491246355362e-08
411,41110000.0,1.0000519076632928,2.694405508515763e-09,9.058303439697748e-08
412,41210000.0,0.999788301673622,4.481618139125388e-08,9.09862120565897e-08
413,41310000.0,0.9997906608618973,4.382287474159241e-08,8.978248653760071e-08
414,41410000.0,1.000202377660476,4.095671745975474e-08,9.015554585112297e-08
415,41510000.0,1.0001915598981646,3.6695194584812975e-08,9.034469627785172e-08
416,41610000.0,1.0001393177566018,1.9409437304560866e-08,9.018769259693254e-08
417,41710000.0,1.0003111773596802,9.683134917755666e-08,9.061982181307518e-08
418,41810000.0,0.9992521593950346,5.592655704349485e-07,9.606433755673261e-08
419,41910000.0,0.9991357516432816,7.469252220904357e-07,1.0345474781104251e-07
420,42010000.0,0.999635626039571,1.3276838303870536e-07,1.0451802800795104e-07
421,42110000.0,0.9998217873886647,3.1759734838956186e-08,1.0232164410986747e-07
422,42210000.0,1.0002670277552281,7.130382206217573e-08,1.02998854511673e-07
423,42310000.0,1.000256571750107,6.582906295300517e-08,1.0281975940230022e-07
424,42410000.0,1.0001611004307116,2.595334877546388e-08,1.0205263575049028e-07
425,42510000.0,0.9999123672336367,7.6795017404768e-09,1.0034558973500521e-07
426,42610000.0,0.9993632497261866,4.054509112014146e-07,1.0326814807593565e-07
427,42710000.0,1.0002759299709783,7.613734888405807e-08,1.0400546876540854e-07
428,42810000.0,0.999816773465988,3.3571962766064365e-08,1.0416890219695696e-07
429,42910000.0,1.000280178547964,7.850001873923075e-08,1.0429907323854658e-07
430,43010000.0,0.9999909929974682,8.112609460809323e-11,1.0130484720290582e-07
431,43110000.0,0.9996820716756413,1.0107841942954946e-07,1.0227978519496106e-07
432,43210000.0,0.9997527064739082,6.115408804689748e-08,1.0258789275510287e-07
433,43310000.0,0.99969451671366,9.332003823305407e-08,1.0349480174702707e-07
434,43410000.0,1.0002047921019812,4.19398050338825e-08,1.0388770918998966e-07
435,43510000.0,1.00010844210668,1.1759690501181111e-08,1.0340229288264763e-07
436,43610000.0,0.9998028438327964,3.887055426642017e-08,1.0330207540877452e-07
437,43710000.0,1.0002383583380134,5.681469730053153e-08,1.009633063893506e-07
438,43810000.0,0.9998437687901236,2.4408190939443967e-08,9.781041003476404e-08
439,43910000.0,1.0004218055908451,1.7791995646822432e-07,9.910978161748636e-08
440,44010000.0,0.9996452826750674,1.2582438060736863e-07,9.771685230166764e-08
441,44110000.0,1.0000972788916138,9.463182753612708e-09,9.6192674610015e-08
442,44210000.0,1.0003264036003596,1.0653931032772646e-07,9.704800975773884e-08
443,44310000.0,0.9996924313422458,9.459847923269853e-08,9.714582842884319e-08
444,44410000.0,0.9996974448708518,9.153960617390202e-08,9.769020404279935e-08
445,44510000.0,0.9992397848691917,5.779270451098223e-07,1.0253968314829886e-07
446,44610000.0,1.000187530790712,3.516779746506314e-08,1.0287877253560044e-07
447,44710000.0,1.0005034109346238,2.534225690988126e-07,1.0463893024541889e-07
448,44810000.0,1.00002851956131,8.133653773086934e-10,1.0347984034726478e-07
449,44910000.0,0.999761507340427,5.687874867019637e-08,1.0397758759980293e-07
450,45010000.0,1.0007230312473192,5.227741845999665e-07,1.0857333742377136e-07
451,45110000.0,0.9997986484278762,4.0542455596707126e-08,1.089525743646934e-07
452,45210000.0,0.9998393642577357,2.5803841692810856e-08,1.0590450922488345e-07
453,45310000.0,0.9997626402763292,5.6339638421070227e-08,1.0636999601328655e-07
454,45410000.0,1.0000778699315223,6.063726235280902e-09,1.0524961024928517e-07
455,45510000.0,1.0000168132890705,2.826866893698655e-10,9.75818791300285e-08
456,45610000.0,0.9996028163861654,1.577548230986824e-07,9.750735836071711e-08
457,45710000.0,1.0001569888298931,2.4645492711211983e-08,9.774463317903289e-08
458,45810000.0,0.9999526811974239,2.2390690772392477e-09,9.649570563250484e-08
459,45910000.0,1.0003414657503393,1.1659885865480264e-07,9.670560078936202e-08
460,46010000.0,0.9997070569039669,8.581565751346734e-08,9.752959075150658e-08
461,46110000.0,1.0001492732512784,2.228250354723862e-08,9.581341196711351e-08
462,46210000.0,1.0000684120474352,4.6802082342815415e-09,9.568739459674005e-08
463,46310000.0,0.9999969312295419,9.417352124391792e-12,9.540207438106946e-08
464,46410000.0,0.9998738163693062,1.5922308655077488e-08,9.555313619530534e-08
465,46510000.0,0.9995632755261933,1.9072826602175257e-07,9.745815023088072e-08
466,46610000.0,0.999895859376176,1.0845269530456622e-08,9.184161397990831e-08
467,46710000.0,0.999909025311536,8.276393941117114e-09,9.168120101203971e-08
468,46810000.0,1.0000335144174168,1.1232161747898924e-09,9.151719379843852e-08
469,46910000.0,0.9997924326014965,4.3084224921499176e-08,9.146886681475768e-08
470,47010000.0,1.0004457689430308,1.9870995057082616e-07,9.31630051418863e-08
471,47110000.0,1.0000554370257497,3.0732638239759163e-09,9.261204461212853e-08
472,47210000.0,0.9996476258969896,1.241675084723605e-07,9.382965804933836e-08
473,47310000.0,1.0000095345318838,9.090729824305569e-11,9.373585551702216e-08
474,47410000.0,0.9998617135976176,1.9123129083880363e-08,9.387263367582849e-08
475,47510000.0,0.9995150401630463,2.351860434581938e-07,9.350725563132447e-08
476,47610000.0,1.0000350879565052,1.2311646917106373e-09,9.27942661974835e-08
477,47710000.0,0.9999306776756552,4.805584652559557e-09,9.200342668533171e-08
478,47810000.0,1.0002097794508298,4.400741799044553e-08,9.173803634237299e-08
479,47910000.0,1.0001335995107303,1.784882926738387e-08,9.1891630210626e-08
480,48010000.0,1.0002292959771018,5.257664511504676e-08,9.190435934863762e-08
481,48110000.0,1.0005164474930557,2.6671801308349954e-07,9.387230087711482e-08
482,48210000.0,0.9999160433752966,7.048714831586928e-09,9.39218276031397e-08
483,48310000.0,0.9999026754997934,9.47205834046606e-09,9.401471124363331e-08
484,48410000.0,1.0000357785667395,1.2801058379350384e-09,9.333824362612538e-08
485,48510000.0,1.000530920302773,2.818763678965943e-07,9.564325836508306e-08
486,48610000.0,0.9996602113396984,1.1545633366955525e-07,9.619634558410253e-08
487,48710000.0,1.0004888652807447,2.389892627175501e-07,9.83209939394527e-08
488,48810000.0,0.9998741521804158,1.5837673694108948e-08,9.78519534086748e-08
489,48910000.0,0.9998964426806682,1.0724118387180031e-08,9.729945171578793e-08
490,49010000.0,1.0002140449728705,4.581525041112246e-08,9.74373162133662e-08
491,49110000.0,1.0001648926025921,2.718957038960114e-08,9.73410240479273e-08
492,49210000.0,0.9995764448458249,1.7939896862832408e-07,9.895262011770293e-08
493,49310000.0,0.9998464328866258,2.3582858310090544e-08,9.878372441116835e-08
494,49410000.0,1.0002961924533682,8.772996943227616e-08,9.712147204553002e-08
495,49510000.0,0.9999245240589811,5.696617672683257e-09,9.578851063274439e-08
496,49610000.0,1.000057606305338,3.3184864146844546e-09,9.517098334083496e-08
497,49710000.0,1.000138765567344,1.925588268028409e-08,9.217969783150474e-08
498,49810000.0,1.0001168948387305,1.3664403321818492e-08,9.226534719838409e-08
499,49910000.0,1.000297481672522,8.849534548653518e-08,9.101323542520137e-08
500,50010000.0,0.999945305685056,2.991468087191447e-09,9.047073584048912e-08
501,50110000.0,0.9997479943482525,6.350684851270463e-08,9.05125226171878e-08
502,50210000.0,1.0002227668290509,4.962506012537903e-08,9.06559573830456e-08
503,50310000.0,1.0003650336898615,1.3324959473391335e-07,9.196215309739119e-08
504,50410000.0,1.000195924358437,3.838635422897818e-08,9.110936743463665e-08
505,50510000.0,0.9997486473583234,6.317815047782475e-08,9.172988139981164e-08
506,50610000.0,0.9995829575417773,1.7392441196044592e-07,9.266525567233227e-08
507,50710000.0,0.9993532073567848,4.1834072331731855e-07,9.682502219025273e-08
508,50810000.0,0.9998328107105031,2.7952258522472534e-08,9.709573252579044e-08
509,50910000.0,1.0000971972607817,9.447307503470242e-09,8.95000762225531e-08
510,51010000.0,0.9998027082239659,3.892404489069507e-08,8.977601009483149e-08
511,51110000.0,0.9999303155640452,4.8559206143367516e-09,8.97976252458897e-08
512,51210000.0,0.9997054770687446,8.674375703528803e-08,9.021690100233005e-08
513,51310000.0,0.9997533152402077,6.08533707137757e-08,9.038720596205187e-08
514,51410000.0,1.000113674524375,1.2921897491894163e-08,9.010685776237327e-08
515,51510000.0,1.0001760698945816,3.1000607777986975e-08,9.0049911894305e-08
516,51610000.0,0.9998182644113711,3.3027824174286975e-08,9.018609576300226e-08
517,51710000.0,0.9998909348884066,1.1895198566873152e-08,8.933673425689543e-08
518,51810000.0,0.999875364302416,1.553405711225782e-08,8.389941912366853e-08
519,51910000.0,1.0000303525966914,9.212801259092227e-10,7.643937970402326e-08
520,52010000.0,0.9999688765496173,9.68669163724225e-10,7.512138256527344e-08
521,52110000.0,0.9998659170846976,1.7978228175982332e-08,7.498356749864371e-08
522,52210000.0,0.9998726089963237,1.6228467817658577e-08,7.443281395619854e-08
523,52310000.0,0.9994543311334092,2.977545119664864e-07,7.675206844633335e-08
524,52410000.0,1.0000240477256905,5.782931108872029e-10,7.649831788968758e-08
525,52510000.0,1.0000699531200357,4.893439002723396e-09,7.647045726231005e-08
526,52610000.0,0.9998938516336454,1.1267475679747386e-08,7.252862290709339e-08
527,52710000.0,0.9997088544477614,8.476573258834054e-08,7.26149067441362e-08
528,52810000.0,0.9996977165175238,9.137530377792969e-08,7.319294015425486e-08
529,52910000.0,1.000124127187824,1.540755875711034e-08,7.256201555443366e-08
530,53010000.0,0.9996601446262552,1.1550167506322645e-07,7.371622104411983e-08
531,53110000.0,0.999911237893065,7.878711627536981e-09,7.278422396609971e-08
532,53210000.0,0.9997769959934211,4.973078695025577e-08,7.26699909551333e-08
533,53310000.0,1.0001418552664614,2.0122916622828277e-08,7.193801973903104e-08
534,53410000.0,1.0002477726787018,6.139130031106364e-08,7.213253469180285e-08
535,53510000.0,1.0001148260962798,1.3185032386851985e-08,7.214678811065956e-08
536,53610000.0,0.9996365520967362,1.3209437838686256e-07,7.307902635186399e-08
537,53710000.0,0.9998133607539881,3.483420815189856e-08,7.285922146037765e-08
538,53810000.0,1.0003444040806466,1.1861417076604413e-07,7.380128125864365e-08
539,53910000.0,1.0000183139101715,3.3539930576924954e-10,7.202543568701911e-08
540,54010000.0,1.0003927004680662,1.5421365761938507e-07,7.230932845713928e-08
541,54110000.0,0.9996389249117139,1.3037521938080706e-07,7.35184488234112e-08
542,54210000.0,1.0002406273473414,5.790152028857159e-08,7.303207092301966e-08
543,54310000.0,1.0005203755272398,2.707906893501256e-07,7.479399302419394e-08
544,54410000.0,0.9996705027820663,1.0856841662607359e-07,7.496428112871565e-08
545,54510000.0,0.9996385161949546,1.306705413101116e-07,7.049171609071853e-08
546,54610000.0,0.9999765121996572,5.516767649423316e-10,7.014555488371734e-08
547,54710000.0,1.0001131493925586,1.2802785036374692e-08,6.773935704309295e-08
548,54810000.0,0.9996923062978812,9.46754143235761e-08,6.867797753255563e-08
549,54910000.0,1.0003057022488426,9.345386494744248e-08,6.904372869532809e-08
550,55010000.0,1.0005208289947665,2.7126284178944603e-07,6.652861526722289e-08
551,55110000.0,1.0000148296822824,2.1991947659666842e-10,6.612538990602179e-08
552,55210000.0,0.9995903049295985,1.6785005071124918e-07,6.754585199620617e-08
553,55310000.0,1.000649730911122,4.221502568673862e-07,7.120395818066934e-08
554,55410000.0,1.0003801093925342,1.444831502927103e-07,7.258815242124362e-08
555,55510000.0,1.0004714265668258,2.2224300790911335e-07,7.480775563344106e-08
556,55610000.0,0.9999698989722822,9.060718696697282e-10,7.323926812115091e-08
557,55710000.0,0.9998751046932399,1.559883765069337e-08,7.314880157054573e-08
558,55810000.0,0.9998391208775308,2.5882092046461173e-08,7.338523180023796e-08
559,55910000.0,0.9997617235022069,5.6775689400529106e-08,7.278700010769523e-08
560,56010000.0,0.999782481042733,4.731449677050558e-08,7.240198850026561e-08
561,56110000.0,1.0000474580490664,2.252266421185252e-09,7.220168612900508e-08
562,56210000.0,1.0001392514781158,1.9390974157428468e-08,7.234879378823654e-08
563,56310000.0,1.0004278772792068,1.830789660614051e-07,7.417948927532935e-08
564,56410000.0,1.000311030782351,9.674014756991416e-08,7.498766766447771e-08
565,56510000.0,0.9996385122478453,1.3067339495787305e-07,7.438711895383893e-08
566,56610000.0,0.9995828721651928,1.739956305709302e-07,7.601862256424366e-08
567,56710000.0,0.9998213681860934,3.190932493957966e-08,7.625495187422829e-08
568,56810000.0,0.9996792318701644,1.0289219311823703e-07,7.727264164366276e-08
569,56910000.0,0.999571292641995,1.8378999880766383e-07,7.86796993825244e-08
570,57010000.0,1.000055302646999,3.058382765088673e-09,7.672318370446703e-08
571,57110000.0,1.0000042892547196,1.839770604982478e-11,7.669263504328777e-08
572,57210000.0,0.9999163341673041,6.999971560702138e-09,7.552095967417118e-08
573,57310000.0,1.000071998105193,5.183727151395832e-09,7.55718878727027e-08
574,57410000.0,0.9998081208369457,3.681761321441795e-08,7.574883271400809e-08
575,57510000.0,1.0004739568907903,2.246351343276349e-07,7.56433236227025e-08
576,57610000.0,0.9996739745188236,1.0629261437632897e-07,7.669393811954867e-08
577,57710000.0,1.000153508064583,2.3564725891993626e-08,7.688152953194302e-08
578,57810000.0,1.000312017494381,9.735491679974923e-08,7.741500452003606e-08
579,57910000.0,1.000018034617328,3.252474221661942e-10,7.723976870158387e-08
580,58010000.0,1.0001066330903552,1.1370615958698203e-08,7.682770841002041e-08
581,58110000.0,0.9999733810742043,7.085672105167771e-10,7.416761395129057e-08
582,58210000.0,0.9999613350188868,1.4949807644807681e-09,7.411207661061951e-08
583,58310000.0,0.9999277306039782,5.222865601353538e-09,7.406958468322837e-08
584,58410000.0,0.9999750537888207,6.22313452203327e-10,7.406300675937106e-08
585,58510000.0,0.9999621385168382,1.4334919072082923e-09,7.12585779994772e-08
586,58610000.0,1.000122423586269,1.4987534474940008e-08,7.025389000753105e-08
587,58710000.0,1.000019924481121,3.969849479403237e-10,6.786796722983496e-08
588,58810000.0,1.0001901009232963,3.6138361038105407e-08,6.807097410327492e-08
589,58910000.0,1.0000428486572415,1.8360074273967816e-09,6.798209299367708e-08
590,59010000.0,0.9999659924318365,1.1565146923963774e-09,6.753550563648983e-08
591,59110000.0,0.9999919038247542,6.55480536103052e-11,6.726426541312991e-08
592,59210000.0,1.0000080482803888,6.477481721683936e-11,6.547092347501883e-08
593,59310000.0,0.9996327826682347,1.3484856874879495e-07,6.65835805794059e-08
594,59410000.0,0.9998552457844946,2.095378290658842e-08,6.591581871414901e-08
595,59510000.0,1.0002060294561244,4.2448136790898334e-08,6.628333390533116e-08
596,59610000.0,0.9999740814150161,6.717730475680773e-10,6.625686677166e-08
597,59710000.0,0.999964338756436,1.2717242925325325e-09,6.607702518778248e-08
598,59810000.0,1.0001396286240842,1.949615266365563e-08,6.613534268120085e-08
599,59910000.0,1.0001196061564852,1.4305632669164065e-08,6.539344555302713e-08
600,60010000.0,0.9996776252523007,1.039254779541551e-07,6.640278565169678e-08
601,60110000.0,0.999651204839499,1.2165806398892828e-07,6.698429780645902e-08
602,60210000.0,1.000330416982185,1.0917538211620595e-07,6.757980102636728e-08
603,60310000.0,1.0002624225698042,6.886560514266316e-08,6.693596113045478e-08
604,60410000.0,0.9996980167198185,9.119390150917518e-08,6.746403660325675e-08
605,60510000.0,1.0003402283964702,1.1575536176467542e-07,6.798980871612526e-08
606,60610000.0,1.0001608017202535,2.585719323647078e-08,6.65091365288855e-08
607,60710000.0,1.0000885412937475,7.839560698475475e-09,6.240412490269707e-08
608,60810000.0,1.000345176457604,1.1914678688397823e-07,6.331607018631213e-08
609,60910000.0,0.9998018183511623,3.927596593601745e-08,6.36143567706376e-08
610,61010000.0,1.0001591718452107,2.5335676307794394e-08,6.34784730848086e-08
611,61110000.0,0.999706906768474,8.590364236637842e-08,6.428895030232901e-08
612,61210000.0,1.0000661834368383,4.3802473117272866e-09,6.346531520509341e-08
613,61310000.0,0.9999485576346554,2.6463169522473607e-09,6.288324466747813e-08
614,61410000.0,1.0000988219886857,9.765785447799696e-09,6.285168354703718e-08
615,61510000.0,1.0001648442930922,2.717364096505361e-08,6.281341387890784e-08
616,61610000.0,1.000133776200816,1.7896071904764052e-08,6.266209635621261e-08
617,61710000.0,0.9998190681015973,3.273635185961812e-08,6.287050788914006e-08
618,61810000.0,0.999958691640086,1.706380598784989e-09,6.273223112400535e-08
619,61910000.0,1.0002071789409739,4.29231135830603e-08,6.315224945857685e-08
620,62010000.0,0.9999607111932054,1.5436103393435473e-09,6.315799887033305e-08
621,62110000.0,1.0001024876002271,1.0503708200316061e-08,6.308325367057637e-08
622,62210000.0,0.9996593568101271,1.160377828068013e-07,6.408134682046781e-08
623,62310000.0,0.9997351396219281,7.015101987241127e-08,6.180531189952705e-08
624,62410000.0,0.9998374400688541,2.642573121415623e-08,6.206378628055974e-08
625,62510000.0,1.0000039160824763,1.5335701961154706e-11,6.201500524755211e-08
626,62610000.0,0.999662503012836,1.1390421634478385e-07,6.304137265420248e-08
627,62710000.0,1.000070748556085,5.005358188099615e-09,6.224376891020008e-08
628,62810000.0,1.000073571264898,5.412731018697932e-09,6.138414318260776e-08
629,62910000.0,0.9997799574826182,4.841870945573535e-08,6.171425468959401e-08
630,63010000.0,1.0003577579268377,1.2799073421519212e-07,6.183914528111366e-08
631,63110000.0,0.9997710758545549,5.240626436775287e-08,6.228442080851582e-08
632,63210000.0,1.0003698333731095,1.3677672386553128e-07,6.315488017766858e-08
633,63310000.0,1.0000417322737356,1.741582671143574e-09,6.297106683815173e-08
634,63410000.0,1.00013125488288,1.7227844279846825e-08,6.252943227783956e-08
635,63510000.0,1.0000101838786923,1.0371138522025705e-10,6.239861906782325e-08
636,63610000.0,1.0002539329262183,6.448193101780714e-08,6.17224945941327e-08
637,63710000.0,1.0002736239272765,7.487005357820356e-08,6.212285304839575e-08
638,63810000.0,0.9998134841016983,3.478818031927275e-08,6.128459314392803e-08
639,63910000.0,0.9993940896393593,3.671273651317756e-07,6.49525128021881e-08
640,64010000.0,0.999901771618214,9.648814988290226e-09,6.350686437587714e-08
641,64110000.0,0.9999767066364462,5.425807856484723e-10,6.220853798992557e-08
642,64210000.0,0.9996228303179775,1.422569690369572e-07,6.305209247740941e-08
643,64310000.0,1.0000594516877825,3.5345031801927685e-09,6.03795306157101e-08
644,64410000.0,0.9999184002062069,6.658526347072293e-09,5.9360431712920075e-08
645,64510000.0,1.0001589428837148,2.5262840283564765e-08,5.8306354702654606e-08
646,64610000.0,0.9997383594368621,6.845578427913449e-08,5.8985395777796526e-08
647,64710000.0,0.9999420093631165,3.362913966153736e-09,5.8890997067094324e-08
648,64810000.0,0.9999182046647582,6.690476867314261e-09,5.8011147692531696e-08
649,64910000.0,0.9995328715760038,2.1820896450518328e-07,5.925869868810911e-08
650,65010000.0,0.9997883455118554,4.479762235177014e-08,5.699404649373235e-08
651,65110000.0,1.0000052395229657,2.745260090827066e-11,5.699212182497546e-08
652,65210000.0,1.000279893712923,7.834049053377707e-08,5.609702622320074e-08
653,65310000.0,1.000024356966493,5.932618167438239e-10,5.1881456272694316e-08
654,65410000.0,1.0007577656151923,5.742087275676919e-07,5.6178712045444135e-08
655,65510000.0,0.9997773209014666,4.9585980923626085e-08,5.445214177558926e-08
656,65610000.0,1.0001543291675865,2.381749196794473e-08,5.4681255976572016e-08
657,65710000.0,1.000093853196226,8.808422441838409e-09,5.461335182448347e-08
658,65810000.0,0.9998686989824457,1.7239957210799704e-08,5.4526930476126855e-08
659,65910000.0,1.0001624685137118,2.63960179477285e-08,5.422313376159884e-08
660,66010000.0,0.9998796104544351,1.4493642681329175e-08,5.389492522070708e-08
661,66110000.0,0.9999694471775996,9.334749566295919e-10,5.3881737306061516e-08
662,66210000.0,0.999808295792992,3.675050298455886e-08,5.4055332594332834e-08
663,66310000.0,0.9999877783562822,1.493685751657138e-10,5.222603661947043e-08
664,66410000.0,0.9998916628976304,1.1736927749834943e-08,5.1376004421269644e-08
665,66510000.0,0.9999643280026682,1.2724913936390622e-09,5.00819953856273e-08
666,66610000.0,0.9997199164216468,7.844681086312484e-08,4.9126507188549255e-08
667,66710000.0,1.000152522953412,2.326325131753736e-08,4.9040046452328825e-08
668,66810000.0,0.9997480950310967,6.34561133581526e-08,4.8645685654727987e-08
669,66910000.0,1.0001429662803047,2.0439357304175206e-08,4.70121792396931e-08
670,67010000.0,0.9999898864169742,1.0228456162031825e-10,4.698261825765841e-08
671,67110000.0,1.0002182195182818,4.7619758159152125e-08,4.7458631862189424e-08
672,67210000.0,0.9999848864384637,2.284197423107097e-10,4.7390916344005514e-08
673,67310000.0,0.9998082286237772,3.677626073840124e-08,4.770684167987557e-08
674,67410000.0,0.9998829240530791,1.3706777347424708e-08,4.7475733321205646e-08
675,67510000.0,1.000438793374442,1.925396254542686e-07,4.715477823247198e-08
676,67610000.0,0.9996267343854051,1.3932721903893979e-07,4.748512427909809e-08
677,67710000.0,0.9999817706825631,3.3230801421493184e-10,4.7252800100320295e-08
678,67810000.0,0.9994600163315831,2.915823621569716e-07,4.919507455389253e-08
679,67910000.0,1.0001325141224433,1.7559992646919425e-08,4.936742200614005e-08
680,68010000.0,0.999839944657955,2.5617712517140573e-08,4.9509892971724485e-08
681,68110000.0,1.000030744571701,9.452286890739829e-10,4.9512259586510044e-08
682,68210000.0,0.9993764022047464,3.8887421024510215e-07,5.338605188131627e-08
683,68310000.0,1.0002021677564665,4.0871801754710746e-08,5.3742541242849835e-08
684,68410000.0,0.9999774013361517,5.106996077307197e-10,5.3741425104405113e-08
685,68510000.0,0.9997938625422594,4.2492651483742316e-08,5.4152016700170443e-08
686,68610000.0,1.0000277825878827,7.71872189460988e-10,5.4009860077315666e-08
687,68710000.0,0.9995365306195226,2.1480386664007343e-07,5.615392889423699e-08
688,68810000.0,0.9997562096517415,5.943373390400027e-08,5.638688262289594e-08
689,68910000.0,1.0002649842986528,7.021667853254192e-08,5.707068933394739e-08
690,69010000.0,0.9999503034919142,2.4697429159258753e-09,5.708382161618268e-08
691,69110000.0,1.0002358263082314,5.561404765404156e-08,5.7639306612187e-08
692,69210000.0,0.9999014313176268,9.715785144795604e-09,5.7735816715462786e-08
693,69310000.0,1.0000764252569962,5.84081990694266e-09,5.6445739227044264e-08
694,69410000.0,1.0002682786306054,7.197342363951505e-08,5.695593563437353e-08
695,69510000.0,1.0004525744953945,2.0482367388157414e-07,5.8579691005280294e-08
696,69610000.0,0.9999362803213667,4.060197445128266e-09,5.8613575249255894e-08
697,69710000.0,1.0002844032421252,8.088520413132366e-08,5.9409710047643804e-08
698,69810000.0,0.9999339967210696,4.356432829558898e-09,5.925831284930283e-08
699,69910000.0,0.9996820154612882,1.0111416685975036e-07,6.01263981912087e-08
700,70010000.0,1.0000846848456266,7.1715230788054455e-09,5.91588586424552e-08
701,70110000.0,0.9994562643909884,2.9564841250716446e-07,6.089876212763756e-08
702,70210000.0,1.0002213669613926,4.9003331596207376e-08,6.029704162243759e-08
703,70310000.0,1.0002984327682898,8.906211718910168e-08,6.049900674290197e-08
704,70410000.0,1.0001889680971414,3.5708941737248236e-08,5.99441571451827e-08
705,70510000.0,1.0001593826825237,2.5402839488447334e-08,5.9040631922420405e-08
706,70610000.0,0.9999482127416092,2.681920131639016e-09,5.88088791913721e-08
707,70710000.0,1.000294706028257,8.68516430910073e-08,5.959900001529741e-08
708,70810000.0,1.0000009679370403,9.36902113979058e-13,5.8407541515478766e-08
709,70910000.0,0.9999782923485436,4.71222131751276e-10,5.801949407743611e-08
710,71010000.0,0.9997791860286384,4.8758809948501005e-08,5.825372541384318e-08
711,71110000.0,1.000012052552408,1.452640195500906e-10,5.7396141630374885e-08
712,71210000.0,1.000220497558789,4.8619173431884576e-08,5.7838530891576466e-08
713,71310000.0,0.9999506004410259,2.440316426835066e-09,5.783647088632233e-08
714,71410000.0,1.0000623512012352,3.887672295473804e-09,5.7777689754799086e-08
715,71510000.0,1.000035305561918,1.246482702345563e-09,5.7518418172172e-08
716,71610000.0,0.9999500364730618,2.4963540241043867e-09,5.7364420993365405e-08
717,71710000.0,1.0000892762796465,7.970254107520008e-09,5.711676001584443e-08
718,71810000.0,1.0000096234152709,9.261012147594866e-11,5.710062231107133e-08
719,71910000.0,0.9996084224170769,1.5333300344787767e-07,5.820472120971951e-08
720,72010000.0,0.9996275031311757,1.3875391728394184e-07,5.957682427916549e-08
721,72110000.0,0.9996766271464801,1.0457000239360907e-07,6.051748722109842e-08
722,72210000.0,1.0002707987111525,7.333194196187802e-08,6.009042881264919e-08
723,72310000.0,0.9996396032025251,1.2988585163016733e-07,6.068777713022674e-08
724,72410000.0,1.0001935752607538,3.747138157590508e-08,6.079823363384424e-08
725,72510000.0,1.0000192868279558,3.719817325974871e-10,6.08018000941506e-08
726,72610000.0,0.9999814126009781,3.454914024008515e-10,5.966621284472678e-08
727,72710000.0,1.0001335331492918,1.78311019597767e-08,5.979447028244354e-08
728,72810000.0,1.000076882413538,5.910905511425274e-09,5.979945202737081e-08
729,72910000.0,0.9999459934003996,2.9167128004001077e-09,5.934443206081746e-08
730,73010000.0,1.0000536965656928,2.8833211671971456e-09,5.8093357930337513e-08
731,73110000.0,1.0000318524303327,1.0145773180967855e-09,5.7579441059840946e-08
732,73210000.0,1.0004816552949303,2.3199182313436745e-07,5.853159205252931e-08
733,73310000.0,0.9999842553003396,2.478955673952363e-10,5.851665518149183e-08
734,73410000.0,1.0003558340958532,1.266179037716345e-07,5.961055577640971e-08
735,73510000.0,1.000024177943096,5.845729323563061e-10,5.961536439188106e-08
736,73610000.0,1.0001024050632616,1.0486796981621674e-08,5.907541305151921e-08
737,73710000.0,1.0000281938026352,7.948905070320592e-10,5.833466142080749e-08
738,73810000.0,0.9999411192194879,3.466946313712068e-09,5.8021449080751894e-08
739,73910000.0,1.0005777065304728,3.337448353509704e-07,5.768762378294384e-08
740,74010000.0,1.0000713800830172,5.095116251544361e-09,5.764208679557638e-08
741,74110000.0,1.0000215894355013,4.661037252667674e-10,5.764132202497256e-08
742,74210000.0,1.0003260453471305,1.0630556838547665e-07,5.7281808018457756e-08
743,74310000.0,1.000207805668741,4.318319596085322e-08,5.7678294946264356e-08
744,74410000.0,0.9996944656195409,9.335125764252904e-08,5.854522225921893e-08
745,74510000.0,1.0003460872695469,1.197763981424146e-07,5.9490357837807425e-08
746,74610000.0,0.9993892474157335,3.730187191881602e-07,6.253598718689768e-08
747,74710000.0,1.000099304676246,9.861418724339046e-09,6.260097223447954e-08
748,74810000.0,0.9997697110014809,5.303302283891537e-08,6.306439769419555e-08
749,74910000.0,1.0000305449369475,9.329931731292424e-10,6.0891637980875e-08
750,75010000.0,1.000090762496829,8.237830830622133e-09,6.052604006566352e-08
751,75110000.0,0.9996749078976943,1.056848749815337e-07,6.158261428946978e-08
752,75210000.0,1.0001647009336516,2.7126397545714703e-08,6.107047335958915e-08
753,75310000.0,1.0000360360519711,1.2985970416646237e-09,6.107752671183836e-08
754,75410000.0,0.9999770334801538,5.274610338474955e-10,5.534071404649992e-08
755,75510000.0,1.0000504914328492,2.5493847911639376e-09,5.48703480851753e-08
756,75610000.0,0.999901957776005,9.612277685887638e-09,5.4728295942354737e-08
757,75710000.0,1.0003930668522745,1.5450155035696057e-07,5.6185227221505944e-08
758,75810000.0,1.000112177230654,1.2583731077210253e-08,5.613866496017005e-08
759,75910000.0,1.0000823107689192,6.7750626800667195e-09,5.594245540749344e-08
760,76010000.0,1.0003207051686414,1.0285180519328017e-07,5.682603703261294e-08
761,76110000.0,0.9996417128353817,1.283696923302037e-07,5.810039920634869e-08
762,76210000.0,1.0003065161935656,9.395217691793634e-08,5.867241594568246e-08
763,76310000.0,0.999763876121138,5.5754486168817644e-08,5.922846712161898e-08
764,76410000.0,0.9997397544500409,6.772774627349909e-08,5.978837530685562e-08
765,76510000.0,1.000057028200635,3.2522156676557885e-09,5.980817254959578e-08
766,76610000.0,0.9996009534712504,1.5923813210707194e-07,6.061608576203526e-08
767,76710000.0,0.9995331982077079,2.1790391328710004e-07,6.25624923817309e-08
768,76810000.0,0.9998001620619812,3.993520147160966e-08,6.232728326286546e-08
769,76910000.0,0.9995745604957126,1.8099877180832315e-07,6.393287740790695e-08
770,77010000.0,1.000177956081622,3.166836698624385e-08,6.424853823215318e-08
771,77110000.0,0.999863944015968,1.8511230790913342e-08,6.395745295847079e-08
772,77210000.0,1.0000515389464215,2.656262998239727e-09,6.398173139103007e-08
773,77310000.0,1.000014198923508,2.016094287879836e-10,6.361598487793395e-08
774,77410000.0,0.9997522504924065,6.137981851284257e-08,6.409271528958813e-08
775,77510000.0,0.9998596739608174,1.969139727266818e-08,6.236423300777212e-08
776,77610000.0,0.9997789811822952,4.8849317779607505e-08,6.14594539951788e-08
777,77710000.0,1.0000976990001555,9.545094631393942e-09,6.155158186135059e-08
778,77810000.0,1.0001138129177065,1.2953380236869456e-08,5.876529204214956e-08
779,77910000.0,1.0000582573109986,3.3939142847901342e-09,5.8623631258528274e-08
780,78010000.0,0.9995484112899008,2.039323630890633e-07,6.04067777642475e-08
781,78110000.0,0.9999594978567247,1.6404236098956716e-09,6.041372971345572e-08
782,78210000.0,1.0001657618967714,2.7477006421259363e-08,5.679975767521729e-08
783,78310000.0,0.9994951365118461,2.548871416709516e-07,5.89399110743797e-08
784,78410000.0,0.9999026119690329,9.484428575658435e-09,5.9029648364058976e-08
785,78510000.0,0.9999954739042918,2.048554236000209e-11,5.860492670464515e-08
786,78610000.0,1.0000684497299925,4.685365536051198e-09,5.864406163811105e-08
787,78710000.0,1.000210268150467,4.421269510080692e-08,5.6938149922718386e-08
788,78810000.0,1.0003532830854145,1.2480893843998243e-07,5.7591901968078206e-08
789,78910000.0,1.0000326159279085,1.0637987533315485e-09,5.6900373170286104e-08
790,79010000.0,0.9998421248919291,2.4924549748385593e-08,5.7124921238610705e-08
791,79110000.0,1.0000926407683781,8.582311965687751e-09,5.665460388172717e-08
792,79210000.0,1.0000601288533673,3.6154790072612587e-09,5.6593600820351815e-08
793,79310000.0,1.0001947315286832,3.7920368263300565e-08,5.6914396303915405e-08
794,79410000.0,1.0003884839661161,1.5091979192931578e-07,5.7703859986813404e-08
795,79510000.0,0.99996473377931,1.2437063217518738e-09,5.566806031121519e-08
796,79610000.0,1.0004089975495944,1.672789955742626e-07,5.7300248292506526e-08
797,79710000.0,0.9998798325291829,1.4440221042581435e-08,5.6635798461619106e-08
798,79810000.0,0.9999302854415038,4.860119666326749e-09,5.6640835329986786e-08
799,79910000.0,0.9996585697060635,1.1657464561757688e-07,5.679544011756506e-08
800,80010000.0,1.0001288792415102,1.6609858892237083e-08,5.688982347569937e-08
801,80110000.0,0.9998310752217275,2.8535580714400184e-08,5.421869515777172e-08
802,80210000.0,1.0002779427746495,7.725218597988619e-08,5.4501183701608516e-08
803,80310000.0,0.9997933234731686,4.271518674307926e-08,5.4037714397148284e-08
804,80410000.0,1.0002186927853824,4.782653437833262e-08,5.4158890323559135e-08
805,80510000.0,0.9994949281032127,2.550976209243e-07,5.645583813791766e-08
806,80610000.0,0.9998564053101692,2.0619434947611767e-08,5.663521328607738e-08
807,80710000.0,1.0000349563428976,1.2219459087766601e-09,5.577891631425508e-08
808,80810000.0,1.000124696948895,1.5549329063735545e-08,5.59344002358713e-08
809,80910000.0,1.0002323953452452,5.400759649164391e-08,5.646976397947022e-08
810,81010000.0,1.000375667793235,1.4112629087401424e-07,5.739343878872535e-08
811,81110000.0,0.9999248793025465,5.6431191859038055e-09,5.7448417340388895e-08
812,81210000.0,0.999725323756209,7.544703890311151e-08,5.771669599510116e-08
813,81310000.0,1.0001637086023867,2.6800506495400326e-08,5.7960297895786817e-08
814,81410000.0,0.9997867936873827,4.545693173988387e-08,5.837599049023091e-08
815,81510000.0,0.9996031922643599,1.5745637906382618e-07,5.993808945384573e-08
816,81610000.0,0.9996900516307868,9.606799157790006e-08,6.087380582938368e-08
817,81710000.0,0.9999715439353601,8.09747614787837e-10,6.080220076445636e-08
818,81810000.0,0.9998296582115533,2.901632489120653e-08,6.109143791215366e-08
819,81910000.0,1.0001907388222477,3.6381298312454184e-08,5.992192086079943e-08
820,82010000.0,1.0000188656551108,3.559129427588233e-10,5.8537940817387593e-08
821,82110000.0,0.9999161987386663,7.022651401114287e-09,5.7562467307462646e-08
822,82210000.0,0.999911431452446,7.844387615827502e-09,5.6907591764002147e-08
823,82310000.0,0.9999776911246794,4.976859180709772e-10,5.561371010688118e-08
824,82410000.0,1.0002281136831073,5.2035852420762726e-08,5.575935481532975e-08
825,82510000.0,1.0000688234146986,4.736662410776079e-09,5.5803001622111544e-08
826,82610000.0,0.9999991419356288,7.362744651623979e-13,5.5799554070832184e-08
827,82710000.0,0.99990296161027,9.416449081384433e-09,5.5715407542048266e-08
828,82810000.0,0.9999291995769658,5.0126999018217845e-09,5.570642548595222e-08
829,82910000.0,1.0004038294602866,1.6307823299537377e-07,5.7308040687901965e-08
830,83010000.0,0.9999399868387286,3.6015795257816672e-09,5.731522327148782e-08
831,83110000.0,1.000449293202501,2.0186438181368433e-07,5.9323721316443683e-08
832,83210000.0,0.9999199608426778,6.406266704854691e-09,5.706786575214856e-08
833,83310000.0,0.9997388476290541,6.820056085067925e-08,5.77473924049814e-08
834,83410000.0,1.0000327403043205,1.0719275270018524e-09,5.649193264253507e-08
835,83510000.0,0.9996543314251751,1.1948676362146059e-07,5.768095454942612e-08
836,83610000.0,0.9997508841014168,6.205873092693003e-08,5.8196673888879194e-08
837,83710000.0,1.0003344521932969,1.1185826960108262e-07,5.930730767981971e-08
838,83810000.0,0.9997274349081994,7.429172926828316e-08,6.001555550936542e-08
839,83910000.0,1.0000200375886696,4.015049596937389e-10,5.668212220545265e-08
840,84010000.0,1.0003063454866425,9.384755718625786e-08,5.7569646614799785e-08
841,84110000.0,1.0000969302080418,9.395465231026839e-09,5.7658940229857386e-08
842,84210000.0,1.0000480680176163,2.310534317556506e-09,5.661898988917818e-08
843,84310000.0,0.9998559332893636,2.0755217113586826e-08,5.639471010070552e-08
844,84410000.0,1.0001072756210172,1.15080588646259e-08,5.557627811292648e-08
845,84510000.0,0.9997988919255698,4.044445760101869e-08,5.4782958707512534e-08
846,84610000.0,0.9998526869026626,2.170114864713775e-08,5.12697830021023e-08
847,84710000.0,1.000172712453239,2.9829591503802725e-08,5.146946472989693e-08
848,84810000.0,0.9999227396384661,5.969163464346127e-09,5.099882613615125e-08
849,84910000.0,1.0004159507629624,1.730150372090141e-07,5.27196465765101e-08
850,85010000.0,1.0004501636161878,2.026472813392507e-07,5.4663741081596384e-08
851,85110000.0,1.0002567212645734,6.590580768418312e-08,5.4265950408622877e-08
852,85210000.0,1.000009362697496,8.766010440090499e-11,5.399556303420974e-08
853,85310000.0,1.000405883339413,1.647412852129982e-07,5.562998991592307e-08
854,85410000.0,1.000189576365466,3.5939198343304246e-08,5.5984107289017645e-08
855,85510000.0,1.0001033485972297,1.0680932549349491e-08,5.6065422766599494e-08
856,85610000.0,1.000056062943925,3.143053681539611e-09,5.600073052655601e-08
857,85710000.0,0.9999814222895149,3.451313268674246e-10,5.4459166336255085e-08
858,85810000.0,0.9999904180378274,9.181399907713924e-11,5.4334247165473754e-08
859,85910000.0,1.0001791445926589,3.209278507891833e-08,5.458742438946227e-08
860,86010000.0,0.9997710725302241,5.2407786417984045e-08,5.408298420170931e-08
861,86110000.0,0.999520082273841,2.3032102388158908e-07,5.5102497517223155e-08
862,86210000.0,1.0000008209189064,6.739078508979375e-13,5.416298248712231e-08
863,86310000.0,0.9998298684919364,2.8944730035978964e-08,5.3894884925793925e-08
864,86410000.0,0.9999513311370455,2.3686582212853736e-09,5.324129404527179e-08
865,86510000.0,1.0001214009510953,1.473819092683173e-08,5.335615379786354e-08
866,86610000.0,1.0004007203986278,1.6057683787643776e-07,5.3369540855557195e-08
867,86710000.0,0.9999317851399329,4.6532671339794235e-09,5.1237034394026e-08
868,86810000.0,1.0000038644720608,1.4934144308699383e-11,5.0837831720752985e-08
869,86910000.0,1.000201936090761,4.077818475184431e-08,4.943562585018819e-08
870,87010000.0,1.0001268896814919,1.610099126911122e-08,4.927995209301687e-08
871,87110000.0,0.9998707808876506,1.6697578996372363e-08,4.926181557507146e-08
872,87210000.0,0.9997462751894906,6.437627946805533e-08,4.987901573976962e-08
873,87310000.0,1.0000483049315974,2.3333664166250323e-09,4.990033330964799e-08
874,87410000.0,1.0001966330633316,3.8664561595176625e-08,4.9673180740471334e-08
875,87510000.0,1.0001949025329657,3.798699735645509e-08,4.98561367413092e-08
876,87610000.0,0.9997256029450899,7.529374374331354e-08,5.012058100094626e-08
877,87710000.0,0.9998662389659062,1.789201424184095e-08,5.020405019705073e-08
878,87810000.0,1.000194444674349,3.7808731382659834e-08,5.045260370850864e-08
879,87910000.0,1.000324401483765,1.0523632266886296e-07,5.147102779234936e-08
880,88010000.0,0.9997804780619772,4.818988127327325e-08,4.991360297419146e-08
881,88110000.0,0.9995501013886656,2.0240876048060003e-07,5.192128634289851e-08
882,88210000.0,0.9997422927623988,6.641302031204774e-08,5.2310646481806387e-08
883,88310000.0,0.9998052096309311,3.7943287881993134e-08,5.01412079439168e-08
884,88410000.0,0.9999754352911288,6.034249219289825e-10,5.0052397907379506e-08
885,88510000.0,0.9998391998028501,2.5856703403454425e-08,5.0310760085990456e-08
886,88610000.0,0.9996708538293994,1.0833720162107029e-07,5.134727844684064e-08
887,88710000.0,0.9999403467525576,3.5585099304233376e-09,5.09407365951368e-08
888,88810000.0,0.9997932200562598,4.2757945133195055e-08,5.012022666206893e-08
889,88910000.0,1.0000426862362342,1.8221147638382878e-09,5.0127809822174e-08
890,89010000.0,0.9998054538534108,3.784820315270762e-08,5.0257046356217224e-08
891,89110000.0,1.0001198952061594,1.4374860460005953e-08,5.03149718411604e-08
892,89210000.0,1.0001657199905518,2.7463115268493936e-08,5.0553448203772734e-08
893,89310000.0,1.0001445399397755,2.089179419029902e-08,5.0383162463042704e-08
894,89410000.0,0.9999523718163613,2.2684438767199774e-09,4.889664898251676e-08
895,89510000.0,1.0003199768525672,1.0238518617883637e-07,4.99080637810876e-08
896,89610000.0,1.000183849945173,3.380080234009805e-08,4.8573281848745953e-08
897,89710000.0,1.0000325361396116,1.0586003808273155e-09,4.843946564212841e-08
898,89810000.0,1.0001085579926554,1.1784837769372365e-08,4.850871282315887e-08
899,89910000.0,0.9999516081327109,2.341772819726871e-09,4.736638409518037e-08
900,90010000.0,0.9999773879487304,5.11304862620494e-10,4.7205398554884196e-08
901,90110000.0,0.9999376050260215,3.89313277778145e-09,4.695897407551801e-08
902,90210000.0,1.0000741020869477,5.491119290003246e-09,4.6241363408619186e-08
903,90310000.0,1.0003640437477874,1.3252785030311333e-07,4.713949004421953e-08
904,90410000.0,0.9999314773888406,4.6953482401045436e-09,4.670817818283725e-08
905,90510000.0,1.0000595363006026,3.5445710894461314e-09,4.419264768448871e-08
906,90610000.0,1.0001634561723929,2.6717920293332217e-08,4.425363253794592e-08
907,90710000.0,1.000076124632165,5.794959622256212e-09,4.429936267508071e-08
908,90810000.0,1.0002390060960715,5.712391395935136e-08,4.4715108524036866e-08
909,90910000.0,0.9998993615180126,1.0128104056724345e-08,4.4276313599687676e-08
910,91010000.0,0.9999237858092149,5.8086028770235514e-09,4.292313671971777e-08
911,91110000.0,0.9999074836925324,8.559267147448637e-09,4.295229819933321e-08
912,91210000.0,0.9998581296396346,2.0127199150206354e-08,4.239909980180416e-08
913,91310000.0,0.9999679628018404,1.0263820659164916e-09,4.214135855750932e-08
914,91410000.0,1.0000572778471215,3.2807517708746472e-09,4.171959675781924e-08
915,91510000.0,1.0003189662269463,1.0173945393234017e-07,4.116242750650436e-08
916,91610000.0,1.0001482139720324,2.1967381505606718e-08,4.042142140578143e-08
917,91710000.0,1.0003844813810232,1.4782593235351098e-07,4.1891583253168663e-08
918,91810000.0,1.0002128759435542,4.531616734410627e-08,4.205458167769767e-08
919,91910000.0,1.0003605123916826,1.299691845566758e-07,4.299046054013988e-08
920,92010000.0,0.9999108570071042,7.946473182412113e-09,4.306636614253642e-08
921,92110000.0,1.000100094604956,1.0018929941313765e-08,4.3096328927938414e-08
922,92210000.0,1.0001739292498668,3.0251383959231584e-08,4.332039889137244e-08
923,92310000.0,0.9995298345913108,2.2105551152784527e-07,4.55259771474702e-08
924,92410000.0,0.9999828360229479,2.9460210824476155e-10,4.5008564644345013e-08
925,92510000.0,0.9996902433900903,9.594915738276753e-08,4.592068959406493e-08
926,92610000.0,1.0003982415387145,1.5859632315767932e-07,4.750664546289707e-08
927,92710000.0,0.9997299243005006,7.294088346011133e-08,4.814188980668433e-08
928,92810000.0,1.0002820819033607,7.957020020356914e-08,4.888746480970182e-08
929,92910000.0,0.9996199194014994,1.4446126135656464e-07,4.870129509331372e-08
930,93010000.0,1.0000617673259313,3.815202552706884e-09,4.870343132358297e-08
931,93110000.0,1.0002761742471884,7.62722148100788e-08,4.744750965354692e-08
932,93210000.0,1.000285855649376,8.171345228023751e-08,4.820058150930074e-08
933,93310000.0,0.9998115443007779,3.551555056929097e-08,4.787373140648686e-08
934,93410000.0,0.9999298235332764,4.924736481805952e-09,4.791225949603491e-08
935,93510000.0,0.9998533456690939,2.150749277351709e-08,4.693246678755547e-08
936,93610000.0,1.0002025641317847,4.103222748567105e-08,4.672220175314288e-08
937,93710000.0,0.9994317614473011,3.22895052773387e-07,4.883256958486593e-08
938,93810000.0,0.9996112739418123,1.511079483141769e-07,4.9600731775324864e-08
939,93910000.0,0.9998932218978211,1.1401563104917044e-08,4.971073235677709e-08
940,94010000.0,1.0002423697842873,5.8743112335456e-08,4.935968790826907e-08
941,94110000.0,1.0001227104782915,1.505786148252571e-08,4.941631187078406e-08
942,94210000.0,0.9996329740728254,1.3470803121840096e-07,5.0740286839792505e-08
943,94310000.0,1.0000321409186321,1.0330386505171144e-09,5.054306505516181e-08
944,94410000.0,0.9994238841729564,3.3190944617018185e-07,5.374707892821737e-08
945,94510000.0,0.9999975046122144,6.226960200662357e-12,5.334269662180919e-08
946,94610000.0,1.000118843428006,1.4123760380203901e-08,5.3266922739139854e-08
947,94710000.0,1.0000854002085244,7.293195616016672e-09,5.304155878026199e-08
948,94810000.0,0.9999626231985304,1.3970252881013525e-09,5.299583739849954e-08
949,94910000.0,1.0002759812966195,7.616567608380415e-08,5.202734378724744e-08
950,95010000.0,1.0001079239384925,1.1647576499724329e-08,5.011734673885218e-08
951,95110000.0,0.9999801616040533,3.935619537364001e-10,4.946222428154771e-08
952,95210000.0,1.0002763184322268,7.635187598825014e-08,5.0224866440386205e-08
953,95310000.0,0.9999404432572202,3.5470056105390544e-09,4.861292364436161e-08
954,95410000.0,1.0002407844701822,5.797716108090584e-08,4.883330327173763e-08
955,95510000.0,1.0001037497360727,1.0764007735164168e-08,4.883413402359577e-08
956,95610000.0,0.9999870559356012,1.675488031597333e-10,4.880437897481198e-08
957,95710000.0,0.9999681841943742,1.0122454876208768e-09,4.881105011641951e-08
958,95810000.0,0.9996255523531119,1.402110402600342e-07,5.021224237902908e-08
959,95910000.0,0.9999866794585551,1.774368243845598e-10,4.989308889648374e-08
960,96010000.0,0.9997485832453603,6.321038451355327e-08,5.0001114877439434e-08
961,96110000.0,1.0000326626342,1.0668476728821564e-09,4.770857311535237e-08
962,96210000.0,0.9999394275896292,3.6690168981321596e-09,4.774525654525518e-08
963,96310000.0,0.9998671973579049,1.763654174745045e-08,4.76321746623699e-08
964,96410000.0,0.9999150994128013,7.2081097066802305e-09,4.7680569177223843e-08
965,96510000.0,1.0001453366811923,2.112275089999826e-08,4.774441477695551e-08
966,96610000.0,0.9999331561097864,4.468105658888899e-09,4.6183327454780015e-08
967,96710000.0,0.9994813141548377,2.6903500597177895e-07,4.8827144843158014e-08
968,96810000.0,0.9995258962040929,2.2477440929348887e-07,5.107473959464982e-08
969,96910000.0,1.0000898332188028,8.070007200480424e-09,5.074765781913619e-08
970,97010000.0,1.0003482669882904,1.2128989513285165e-07,5.1799546857773585e-08
971,97110000.0,0.9998865512932624,1.287060906042792e-08,5.176127715841415e-08
972,97210000.0,0.9997304183659363,7.267425742442967e-08,5.184425693797788e-08
973,97310000.0,0.9999274396940392,5.264998001126582e-09,5.18735732538229e-08
974,97410000.0,0.9999051671000491,8.993278913104284e-09,5.1576860427002174e-08
975,97510000.0,0.9997098004646877,8.421577029546643e-08,5.203914815639229e-08
976,97610000.0,1.0000534539381192,2.857323500448541e-09,5.131478395396364e-08
977,97710000.0,1.0000793713169995,6.299805962240274e-09,5.1198861871167635e-08
978,97810000.0,0.9999240350390459,5.770675292754597e-09,5.087848131026858e-08
979,97910000.0,1.0000450476323908,2.0292891840140534e-09,4.984641097542009e-08
980,98010000.0,0.9997932758267059,4.2734883824149046e-08,4.979186100092885e-08
981,98110000.0,1.0000662536194345,4.3895420881668236e-09,4.7811668817004516e-08
982,98210000.0,0.9998116418806987,3.547878110671924e-08,4.750232642495123e-08
983,98310000.0,0.9995713010055106,1.8378282787620964e-07,4.896072182489339e-08
984,98410000.0,0.999970665185103,8.605313650397983e-10,4.896329288932451e-08
985,98510000.0,1.000043326683474,1.877201500861845e-09,4.8723497870298575e-08
986,98610000.0,0.9998847792979924,1.3275810171134682e-08,4.777288395579922e-08
987,98710000.0,1.0001839453072034,3.383587604217087e-08,4.80756576169167e-08
988,98810000.0,1.0000675351746862,4.5609998198904e-09,4.769368816378365e-08
989,98910000.0,1.0001560477653326,2.4350905065305407e-08,4.791897606679833e-08
990,99010000.0,0.9999818474681904,3.2951441109817194e-10,4.754378917938223e-08
991,99110000.0,1.000259402237389,6.728952076239914e-08,4.8072935782406165e-08
992,99210000.0,0.9999380656126378,3.835868337935883e-09,4.7836663313100576e-08
993,99310000.0,0.9999947346942646,2.7723444487378358e-11,4.762802260564246e-08
994,99410000.0,0.9999378627081137,3.861043042964557e-09,4.76439485973049e-08
995,99510000.0,0.9999288419303602,5.0634708748560825e-09,4.6670731444265107e-08
996,99610000.0,1.0002368840729878,5.611406403530393e-08,4.689386406121717e-08
997,99710000.0,1.0000242472924672,5.879311919896608e-10,4.6889157369328796e-08
998,99810000.0,0.9997202271277658,7.827286003819679e-08,4.7554037592017034e-08
999,99910000.0,0.9997627843269857,5.627127552361224e-08,4.809333261905588e-08
